{"chunk_definitions":[{"chunk_id":"c6r5rp6n09sm7","chunk_label":"unnamed-chunk-1","document_id":"1116CA81","expansion_state":0,"options":{"engine":"r","label":"unnamed-chunk-23"},"row":64,"row_count":1,"visible":true},{"chunk_id":"cu3sfbsy3kvsq","chunk_label":"unnamed-chunk-2","document_id":"1116CA81","expansion_state":0,"options":{"engine":"r","label":"unnamed-chunk-24"},"row":76,"row_count":1,"visible":true},{"chunk_id":"ckonhrwz7qdg0","chunk_label":"unnamed-chunk-3","document_id":"1116CA81","expansion_state":0,"options":{"engine":"r","label":"unnamed-chunk-25"},"row":84,"row_count":1,"visible":true},{"chunk_id":"c07yzvbhaboib","chunk_label":"unnamed-chunk-4","document_id":"1116CA81","expansion_state":0,"options":{"engine":"r","label":"unnamed-chunk-26"},"row":89,"row_count":1,"visible":true},{"chunk_id":"cx0uralbn6wgn","chunk_label":"unnamed-chunk-5","document_id":"1116CA81","expansion_state":0,"options":{"engine":"r","label":"unnamed-chunk-27"},"row":97,"row_count":1,"visible":true},{"chunk_id":"cgtp87agt8rsf","chunk_label":"unnamed-chunk-6","document_id":"1116CA81","expansion_state":0,"options":{"engine":"r","label":"unnamed-chunk-28"},"row":102,"row_count":1,"visible":true},{"chunk_id":"ck8b2mgmevz5t","chunk_label":"unnamed-chunk-7","document_id":"1116CA81","expansion_state":0,"options":{"engine":"r","label":"unnamed-chunk-1"},"row":112,"row_count":1,"visible":true},{"chunk_id":"c0x6i2w5o9kdf","chunk_label":"unnamed-chunk-8","document_id":"1116CA81","expansion_state":0,"options":{"engine":"r","label":"unnamed-chunk-30"},"row":134,"row_count":1,"visible":true},{"chunk_id":"csadkx027bwrd","chunk_label":"unnamed-chunk-9","document_id":"1116CA81","expansion_state":0,"options":{"engine":"r","label":"unnamed-chunk-31"},"row":145,"row_count":1,"visible":true},{"chunk_id":"ct9h3360sf262","chunk_label":"unnamed-chunk-10","document_id":"1116CA81","expansion_state":0,"options":{"engine":"r","label":"unnamed-chunk-32"},"row":172,"row_count":1,"visible":true},{"chunk_id":"cgh1en7l9380x","chunk_label":"unnamed-chunk-11","document_id":"1116CA81","expansion_state":0,"options":{"engine":"r","label":"unnamed-chunk-33"},"row":200,"row_count":1,"visible":true},{"chunk_id":"cu46keouu6bre","chunk_label":"unnamed-chunk-12","document_id":"1116CA81","expansion_state":0,"options":{"engine":"r","label":"unnamed-chunk-34"},"row":219,"row_count":1,"visible":true},{"chunk_id":"cwhzrt0mxlwk7","chunk_label":"unnamed-chunk-13","document_id":"1116CA81","expansion_state":0,"options":{"engine":"r","label":"unnamed-chunk-36"},"row":253,"row_count":1,"visible":true},{"chunk_id":"c5przqhqopcsu","chunk_label":"unnamed-chunk-14","document_id":"1116CA81","expansion_state":0,"options":{"engine":"r","label":"unnamed-chunk-122"},"row":284,"row_count":1,"visible":true},{"chunk_id":"cd8afcyjypa0i","chunk_label":"unnamed-chunk-15","document_id":"1116CA81","expansion_state":0,"options":{"engine":"r","label":"unnamed-chunk-39"},"row":310,"row_count":1,"visible":true},{"chunk_id":"cgjg3kwx4jjd7","chunk_label":"unnamed-chunk-16","document_id":"1116CA81","expansion_state":0,"options":{"engine":"r","label":"unnamed-chunk-40"},"row":337,"row_count":1,"visible":true},{"chunk_id":"cvlbgstr89cj0","chunk_label":"unnamed-chunk-17","document_id":"1116CA81","expansion_state":0,"options":{"engine":"r","label":"unnamed-chunk-2"},"row":385,"row_count":1,"visible":true},{"chunk_id":"cla0gvepw5aym","chunk_label":"unnamed-chunk-18","document_id":"1116CA81","expansion_state":0,"options":{"engine":"r","label":"unnamed-chunk-191"},"row":410,"row_count":1,"visible":true},{"chunk_id":"cy89erkb79qit","chunk_label":"unnamed-chunk-19","document_id":"1116CA81","expansion_state":0,"options":{"engine":"r","label":"unnamed-chunk-7"},"row":434,"row_count":1,"visible":true},{"chunk_id":"cx525n72rgl1i","chunk_label":"unnamed-chunk-20","document_id":"1116CA81","expansion_state":0,"options":{"engine":"r","label":"unnamed-chunk-52"},"row":459,"row_count":1,"visible":true},{"chunk_id":"cwdo4zktx6hc2","chunk_label":"unnamed-chunk-21","document_id":"1116CA81","expansion_state":0,"options":{"engine":"r","label":"unnamed-chunk-2"},"row":474,"row_count":1,"visible":true}],"chunk_rendered_width":543,"doc_write_time":1550550981}