{"chunk_definitions":[{"chunk_id":"csb9x3s2u2ohy","expansion_state":0,"options":[],"row":102,"row_count":1,"visible":true},{"chunk_id":"c6jfu5b0fuwh4","expansion_state":0,"options":[],"row":129,"row_count":1,"visible":true},{"chunk_id":"c8fyxtgz8ltmm","expansion_state":0,"options":[],"row":141,"row_count":1,"visible":true},{"chunk_id":"cojiww07hsqvq","expansion_state":0,"options":[],"row":153,"row_count":1,"visible":true},{"chunk_id":"cvdm2a5ewbrwm","expansion_state":0,"options":[],"row":212,"row_count":1,"visible":true},{"chunk_id":"c946tylaxwikf","expansion_state":0,"options":[],"row":225,"row_count":1,"visible":true},{"chunk_id":"c1jyzytwammoq","expansion_state":0,"options":[],"row":239,"row_count":1,"visible":true},{"chunk_id":"cwt4sihu6s4zo","expansion_state":0,"options":[],"row":251,"row_count":1,"visible":true},{"chunk_id":"ci263nql98r5b","expansion_state":0,"options":[],"row":264,"row_count":1,"visible":true},{"chunk_id":"chrb04jd2dsph","expansion_state":0,"options":[],"row":305,"row_count":1,"visible":true},{"chunk_id":"c36xc2jd4oy4j","expansion_state":0,"options":[],"row":344,"row_count":1,"visible":true},{"chunk_id":"cgf47la8qqi2e","expansion_state":0,"options":[],"row":386,"row_count":1,"visible":true},{"chunk_id":"ckg0l24rmoa4i","expansion_state":0,"options":[],"row":399,"row_count":1,"visible":true},{"chunk_id":"cwyqsokqt02wd","expansion_state":0,"options":[],"row":407,"row_count":1,"visible":true},{"chunk_id":"cdfak70zbuf0s","expansion_state":0,"options":[],"row":425,"row_count":1,"visible":true},{"chunk_id":"c9h5kgn9h99el","expansion_state":0,"options":[],"row":434,"row_count":1,"visible":true},{"chunk_id":"ccwptiirgf93g","expansion_state":0,"options":[],"row":443,"row_count":1,"visible":true},{"chunk_id":"cvk09jkfj0mwe","expansion_state":0,"options":[],"row":450,"row_count":1,"visible":true},{"chunk_id":"cmnucb98jurwu","expansion_state":0,"options":[],"row":466,"row_count":1,"visible":true},{"chunk_id":"cgsr90jmqsw93","expansion_state":0,"options":[],"row":474,"row_count":1,"visible":true},{"chunk_id":"caiwdccyapkjo","expansion_state":0,"options":[],"row":481,"row_count":1,"visible":true},{"chunk_id":"cav8wt0f5kibh","expansion_state":0,"options":[],"row":521,"row_count":1,"visible":true},{"chunk_id":"c1tqirc4vpcy4","expansion_state":0,"options":[],"row":524,"row_count":1,"visible":true},{"chunk_id":"cjmzk1e626r7l","expansion_state":0,"options":[],"row":556,"row_count":1,"visible":true},{"chunk_id":"cwn60phhmy3gq","expansion_state":0,"options":[],"row":562,"row_count":1,"visible":true},{"chunk_id":"c65im1ay3sa6a","expansion_state":0,"options":[],"row":574,"row_count":1,"visible":true},{"chunk_id":"c96zsc7h1cquo","expansion_state":0,"options":[],"row":579,"row_count":1,"visible":true},{"chunk_id":"cx1fiaci1aimo","expansion_state":0,"options":[],"row":599,"row_count":1,"visible":true},{"chunk_id":"cro7fe95el4ro","expansion_state":0,"options":[],"row":617,"row_count":1,"visible":true},{"chunk_id":"cps6ikw9fsg7h","expansion_state":0,"options":[],"row":627,"row_count":1,"visible":true}],"chunk_rendered_width":623,"doc_write_time":1549348319.236090}