{"chunk_definitions":[{"chunk_id":"csdetr5ut95sw","expansion_state":0,"options":[],"row":64,"row_count":1,"visible":true},{"chunk_id":"c13zfemcgp5r8","expansion_state":0,"options":[],"row":76,"row_count":1,"visible":true},{"chunk_id":"cbwk9yvtd4tbm","expansion_state":0,"options":[],"row":84,"row_count":1,"visible":true},{"chunk_id":"c05mbesk7q4vb","expansion_state":0,"options":[],"row":89,"row_count":1,"visible":true},{"chunk_id":"cqf2xm0vcgsup","expansion_state":0,"options":[],"row":97,"row_count":1,"visible":true},{"chunk_id":"clhc722n1a0mh","expansion_state":0,"options":[],"row":102,"row_count":1,"visible":true},{"chunk_id":"ca6eserfnl445","expansion_state":0,"options":[],"row":112,"row_count":1,"visible":true},{"chunk_id":"cn4ah738s8ppz","expansion_state":0,"options":[],"row":134,"row_count":1,"visible":true},{"chunk_id":"clf1h7t5kpttr","expansion_state":0,"options":[],"row":145,"row_count":1,"visible":true},{"chunk_id":"crhwad7zgyii5","expansion_state":0,"options":[],"row":172,"row_count":1,"visible":true},{"chunk_id":"c4ssrrfsx3037","expansion_state":0,"options":[],"row":200,"row_count":1,"visible":true},{"chunk_id":"c1jnxtqzpyqru","expansion_state":0,"options":[],"row":219,"row_count":1,"visible":true},{"chunk_id":"c2eiq3uenvdve","expansion_state":0,"options":[],"row":253,"row_count":1,"visible":true},{"chunk_id":"cgxx335t10qlp","expansion_state":0,"options":[],"row":284,"row_count":1,"visible":true},{"chunk_id":"cu8uzt4e1wk2u","expansion_state":0,"options":[],"row":310,"row_count":1,"visible":true},{"chunk_id":"c49ij5pop2brp","expansion_state":0,"options":[],"row":337,"row_count":1,"visible":true},{"chunk_id":"cgvao6t84tdmp","expansion_state":0,"options":[],"row":385,"row_count":1,"visible":true},{"chunk_id":"csw6bzah0qv1a","expansion_state":0,"options":[],"row":410,"row_count":1,"visible":true},{"chunk_id":"ce8o6kre2qzpf","expansion_state":0,"options":[],"row":434,"row_count":1,"visible":true},{"chunk_id":"cq5avo8rda725","expansion_state":0,"options":[],"row":459,"row_count":1,"visible":true},{"chunk_id":"cpz9sy1tq6l8m","expansion_state":0,"options":[],"row":474,"row_count":1,"visible":true}],"chunk_rendered_width":534,"doc_write_time":1550551497.029710}