{"chunk_definitions":[{"chunk_id":"co95ues6usjwr","chunk_label":"unnamed-chunk-1","document_id":"977A6E25","expansion_state":0,"options":{"engine":"r","label":"unnamed-chunk-1"},"row":64,"row_count":1,"visible":true},{"chunk_id":"cs8v2kahyczqx","chunk_label":"unnamed-chunk-2","document_id":"977A6E25","expansion_state":0,"options":{"engine":"r","label":"unnamed-chunk-5"},"row":76,"row_count":1,"visible":true},{"chunk_id":"c61j6t3ovrxbv","chunk_label":"unnamed-chunk-3","document_id":"977A6E25","expansion_state":0,"options":{"engine":"r","label":"unnamed-chunk-6"},"row":84,"row_count":1,"visible":true},{"chunk_id":"c5z9ab24g68n0","chunk_label":"unnamed-chunk-4","document_id":"977A6E25","expansion_state":0,"options":{"engine":"r","label":"unnamed-chunk-7"},"row":89,"row_count":1,"visible":true},{"chunk_id":"crf9p1xq1x2aj","chunk_label":"unnamed-chunk-5","document_id":"977A6E25","expansion_state":0,"options":{"engine":"r","label":"unnamed-chunk-10"},"row":97,"row_count":1,"visible":true},{"chunk_id":"cf6av1368tkub","chunk_label":"unnamed-chunk-6","document_id":"977A6E25","expansion_state":0,"options":{"engine":"r","label":"unnamed-chunk-12"},"row":102,"row_count":1,"visible":true},{"chunk_id":"c63efkirvu5ct","chunk_label":"unnamed-chunk-7","document_id":"977A6E25","expansion_state":0,"options":{"engine":"r","label":"unnamed-chunk-10"},"row":112,"row_count":1,"visible":true},{"chunk_id":"ctcd5zmzp2r7k","chunk_label":"unnamed-chunk-8","document_id":"BF456E43","expansion_state":0,"options":{"engine":"r","label":"unnamed-chunk-65"},"row":134,"row_count":1,"visible":true},{"chunk_id":"cbiq6k8561jss","chunk_label":"unnamed-chunk-9","document_id":"BF456E43","expansion_state":0,"options":{"engine":"r","label":"unnamed-chunk-66"},"row":139,"row_count":1,"visible":true}],"chunk_rendered_width":400,"doc_write_time":1550373396}