{"chunk_definitions":[{"chunk_id":"cy4vfmakr1lda","chunk_label":"unnamed-chunk-1","document_id":"F1FEC83B","expansion_state":0,"options":{"engine":"r","label":"unnamed-chunk-1"},"row":129,"row_count":1,"visible":true},{"chunk_id":"cw2ytvuu2txsv","chunk_label":"unnamed-chunk-2","document_id":"F1FEC83B","expansion_state":0,"options":{"engine":"r","label":"unnamed-chunk-2"},"row":136,"row_count":1,"visible":true},{"chunk_id":"c08c27pcr0n5c","chunk_label":"unnamed-chunk-3","document_id":"F1FEC83B","expansion_state":0,"options":{"engine":"r","label":"unnamed-chunk-3"},"row":153,"row_count":1,"visible":true},{"chunk_id":"cc0ojxd84onrl","chunk_label":"unnamed-chunk-4","document_id":"F1FEC83B","expansion_state":0,"options":{"engine":"r","label":"unnamed-chunk-4"},"row":181,"row_count":1,"visible":true},{"chunk_id":"cn91olaxbvgkd","chunk_label":"unnamed-chunk-5","document_id":"F1FEC83B","expansion_state":0,"options":{"engine":"r","label":"unnamed-chunk-5"},"row":184,"row_count":1,"visible":true},{"chunk_id":"c1h0nr34omsx8","chunk_label":"unnamed-chunk-6","document_id":"F1FEC83B","expansion_state":0,"options":{"engine":"r","label":"unnamed-chunk-6"},"row":229,"row_count":1,"visible":true},{"chunk_id":"c2r21n1entjux","chunk_label":"unnamed-chunk-7","document_id":"F1FEC83B","expansion_state":0,"options":{"engine":"r","label":"unnamed-chunk-7"},"row":233,"row_count":1,"visible":true},{"chunk_id":"cqw4d83jfsoh0","chunk_label":"unnamed-chunk-8","document_id":"F1FEC83B","expansion_state":0,"options":{"engine":"r","label":"unnamed-chunk-8"},"row":253,"row_count":1,"visible":true},{"chunk_id":"c8s40z3c9kf78","chunk_label":"unnamed-chunk-9","document_id":"F1FEC83B","expansion_state":0,"options":{"engine":"r","label":"unnamed-chunk-9"},"row":262,"row_count":1,"visible":true},{"chunk_id":"chlzr4pdyjyvb","chunk_label":"unnamed-chunk-10","document_id":"F1FEC83B","expansion_state":0,"options":{"engine":"r","label":"unnamed-chunk-10"},"row":279,"row_count":1,"visible":true},{"chunk_id":"cfi72rr6qatws","chunk_label":"unnamed-chunk-11","document_id":"F1FEC83B","expansion_state":0,"options":{"engine":"r","label":"unnamed-chunk-11"},"row":283,"row_count":1,"visible":true},{"chunk_id":"cquwkmlcpxh52","chunk_label":"unnamed-chunk-12","document_id":"F1FEC83B","expansion_state":0,"options":{"engine":"r","label":"unnamed-chunk-12"},"row":288,"row_count":1,"visible":true},{"chunk_id":"cwchdu1mmnf6h","chunk_label":"unnamed-chunk-13","document_id":"F1FEC83B","expansion_state":0,"options":{"engine":"r","label":"unnamed-chunk-13"},"row":292,"row_count":1,"visible":true},{"chunk_id":"clns8w2ut2edj","chunk_label":"unnamed-chunk-14","document_id":"F1FEC83B","expansion_state":0,"options":{"engine":"r","label":"unnamed-chunk-14"},"row":296,"row_count":1,"visible":true},{"chunk_id":"cr0fnsp85bky2","chunk_label":"unnamed-chunk-15","document_id":"F1FEC83B","expansion_state":0,"options":{"engine":"r","label":"unnamed-chunk-15"},"row":304,"row_count":1,"visible":true},{"chunk_id":"crxbhz0wqrpj6","chunk_label":"unnamed-chunk-16","document_id":"F1FEC83B","expansion_state":0,"options":{"engine":"r","label":"unnamed-chunk-16"},"row":307,"row_count":1,"visible":true},{"chunk_id":"c9eac3gcm935g","chunk_label":"unnamed-chunk-17","document_id":"F1FEC83B","expansion_state":0,"options":{"engine":"r","label":"unnamed-chunk-17"},"row":311,"row_count":1,"visible":true},{"chunk_id":"c34djfob3wbrz","chunk_label":"unnamed-chunk-18","document_id":"F1FEC83B","expansion_state":0,"options":{"engine":"r","label":"unnamed-chunk-18"},"row":317,"row_count":1,"visible":true},{"chunk_id":"co6su5alaojy3","chunk_label":"unnamed-chunk-19","document_id":"F1FEC83B","expansion_state":0,"options":{"engine":"r","label":"unnamed-chunk-19"},"row":329,"row_count":1,"visible":true},{"chunk_id":"c7dokl567mo00","chunk_label":"unnamed-chunk-20","document_id":"F1FEC83B","expansion_state":0,"options":{"engine":"r","label":"unnamed-chunk-20"},"row":344,"row_count":1,"visible":true},{"chunk_id":"c8ahp94nxvn8n","chunk_label":"unnamed-chunk-21","document_id":"F1FEC83B","expansion_state":0,"options":{"engine":"r","label":"unnamed-chunk-21"},"row":347,"row_count":1,"visible":true},{"chunk_id":"cqg91j6rjcw9e","chunk_label":"unnamed-chunk-22","document_id":"F1FEC83B","expansion_state":0,"options":{"engine":"r","label":"unnamed-chunk-22"},"row":376,"row_count":1,"visible":true},{"chunk_id":"cxnzweesbc5wu","chunk_label":"unnamed-chunk-23","document_id":"37F7464C","expansion_state":0,"options":{"engine":"r","label":"unnamed-chunk-23"},"row":389,"row_count":1,"visible":true},{"chunk_id":"coe6vzni3vmo7","chunk_label":"unnamed-chunk-24","document_id":"37F7464C","expansion_state":0,"options":{"engine":"r","label":"unnamed-chunk-24"},"row":395,"row_count":1,"visible":true},{"chunk_id":"cex3nkupb917d","chunk_label":"unnamed-chunk-25","document_id":"37F7464C","expansion_state":0,"options":{"engine":"r","label":"unnamed-chunk-25"},"row":401,"row_count":1,"visible":true},{"chunk_id":"c2bbmi4uoaj5z","chunk_label":"unnamed-chunk-26","document_id":"37F7464C","expansion_state":0,"options":{"engine":"r","label":"unnamed-chunk-26"},"row":415,"row_count":1,"visible":true},{"chunk_id":"c679rn880t1fz","chunk_label":"unnamed-chunk-27","document_id":"37F7464C","expansion_state":0,"options":{"engine":"r","label":"unnamed-chunk-74"},"row":422,"row_count":1,"visible":true},{"chunk_id":"cj3372q4q9uqr","chunk_label":"unnamed-chunk-28","document_id":"37F7464C","expansion_state":0,"options":{"engine":"r","label":"unnamed-chunk-1"},"row":452,"row_count":1,"visible":true},{"chunk_id":"cdq138t0ziyrk","chunk_label":"unnamed-chunk-30","document_id":"37F7464C","expansion_state":0,"options":{"engine":"r","label":"unnamed-chunk-5"},"row":461,"row_count":1,"visible":true},{"chunk_id":"cweezscr8ypj5","chunk_label":"unnamed-chunk-31","document_id":"37F7464C","expansion_state":0,"options":{"engine":"r","label":"unnamed-chunk-7"},"row":468,"row_count":1,"visible":true},{"chunk_id":"c11awdo0slkah","chunk_label":"unnamed-chunk-32","document_id":"37F7464C","expansion_state":0,"options":{"engine":"r","label":"unnamed-chunk-8"},"row":472,"row_count":1,"visible":true},{"chunk_id":"cx2f44yfw5nrr","chunk_label":"unnamed-chunk-33","document_id":"37F7464C","expansion_state":0,"options":{"engine":"r","label":"unnamed-chunk-10"},"row":478,"row_count":1,"visible":true},{"chunk_id":"cnrcs5sga9ksh","chunk_label":"unnamed-chunk-34","document_id":"37F7464C","expansion_state":0,"options":{"engine":"r","label":"unnamed-chunk-13"},"row":485,"row_count":1,"visible":true},{"chunk_id":"cwb6wg9eajy85","chunk_label":"unnamed-chunk-35","document_id":"37F7464C","expansion_state":0,"options":{"engine":"r","label":"unnamed-chunk-14"},"row":489,"row_count":1,"visible":true},{"chunk_id":"cd10snl639w0s","chunk_label":"unnamed-chunk-36","document_id":"37F7464C","expansion_state":0,"options":{"engine":"r","label":"unnamed-chunk-17"},"row":495,"row_count":1,"visible":true},{"chunk_id":"cuqc6ys631dny","chunk_label":"unnamed-chunk-37","document_id":"37F7464C","expansion_state":0,"options":{"engine":"r","label":"unnamed-chunk-20"},"row":502,"row_count":1,"visible":true},{"chunk_id":"cd25p1kaf8kec","chunk_label":"unnamed-chunk-38","document_id":"37F7464C","expansion_state":0,"options":{"engine":"r","label":"unnamed-chunk-22"},"row":509,"row_count":1,"visible":true},{"chunk_id":"cu1f6ycxli90z","chunk_label":"unnamed-chunk-39","document_id":"37F7464C","expansion_state":0,"options":{"engine":"r","label":"unnamed-chunk-23"},"row":513,"row_count":1,"visible":true},{"chunk_id":"clyfffahghab0","chunk_label":"unnamed-chunk-40","document_id":"37F7464C","expansion_state":0,"options":{"engine":"r","label":"unnamed-chunk-24"},"row":517,"row_count":1,"visible":true},{"chunk_id":"cmkrowsxnnest","chunk_label":"unnamed-chunk-41","document_id":"37F7464C","expansion_state":0,"options":{"engine":"r","label":"unnamed-chunk-25"},"row":522,"row_count":1,"visible":true},{"chunk_id":"c55lec3zgnbqt","chunk_label":"unnamed-chunk-42","document_id":"37F7464C","expansion_state":0,"options":{"engine":"r","label":"unnamed-chunk-29"},"row":527,"row_count":1,"visible":true},{"chunk_id":"c2vvbyvtoou5g","chunk_label":"unnamed-chunk-43","document_id":"37F7464C","expansion_state":0,"options":{"engine":"r","label":"unnamed-chunk-34"},"row":531,"row_count":1,"visible":true},{"chunk_id":"cliz2zft1qjdz","chunk_label":"unnamed-chunk-44","document_id":"37F7464C","expansion_state":0,"options":{"engine":"r","label":"unnamed-chunk-32"},"row":537,"row_count":1,"visible":true},{"chunk_id":"czyi06p0x5pgp","chunk_label":"unnamed-chunk-45","document_id":"37F7464C","expansion_state":0,"options":{"engine":"r","label":"unnamed-chunk-35"},"row":541,"row_count":1,"visible":true},{"chunk_id":"c8ht6tm2bbc1b","chunk_label":"unnamed-chunk-46","document_id":"37F7464C","expansion_state":0,"options":{"engine":"r","label":"unnamed-chunk-36"},"row":544,"row_count":1,"visible":true},{"chunk_id":"ceoi0fupvi0ey","chunk_label":"unnamed-chunk-47","document_id":"37F7464C","expansion_state":0,"options":{"engine":"r","label":"unnamed-chunk-37"},"row":552,"row_count":1,"visible":true},{"chunk_id":"cdts3qs2cfnit","chunk_label":"unnamed-chunk-48","document_id":"37F7464C","expansion_state":0,"options":{"engine":"r","label":"unnamed-chunk-38"},"row":555,"row_count":1,"visible":true},{"chunk_id":"clp11qrl2sd8n","chunk_label":"unnamed-chunk-49","document_id":"37F7464C","expansion_state":0,"options":{"engine":"r","label":"unnamed-chunk-39"},"row":559,"row_count":1,"visible":true},{"chunk_id":"cmvvos2pjqoxz","chunk_label":"unnamed-chunk-50","document_id":"37F7464C","expansion_state":0,"options":{"engine":"r","label":"unnamed-chunk-40"},"row":564,"row_count":1,"visible":true},{"chunk_id":"cab0s5ueqao0s","chunk_label":"unnamed-chunk-51","document_id":"37F7464C","expansion_state":0,"options":{"engine":"r","label":"unnamed-chunk-45"},"row":571,"row_count":1,"visible":true},{"chunk_id":"corbynqux4ykz","chunk_label":"unnamed-chunk-52","document_id":"37F7464C","expansion_state":0,"options":{"engine":"r","label":"unnamed-chunk-46"},"row":575,"row_count":1,"visible":true},{"chunk_id":"c6i0egmj76zzx","chunk_label":"unnamed-chunk-53","document_id":"37F7464C","expansion_state":0,"options":{"engine":"r","label":"unnamed-chunk-49"},"row":582,"row_count":1,"visible":true},{"chunk_id":"cs63euvh9163n","chunk_label":"unnamed-chunk-54","document_id":"37F7464C","expansion_state":0,"options":{"engine":"r","label":"unnamed-chunk-52"},"row":589,"row_count":1,"visible":true},{"chunk_id":"cgn4svt74iaej","chunk_label":"unnamed-chunk-55","document_id":"37F7464C","expansion_state":0,"options":{"engine":"r","label":"unnamed-chunk-53"},"row":597,"row_count":1,"visible":true}],"chunk_rendered_width":700,"doc_write_time":1548084734}