{"chunk_definitions":[{"chunk_id":"csetup_chunk","chunk_label":"setup","document_id":"B10F6C8B","expansion_state":0,"options":{"engine":"r","include":false,"label":"setup"},"row":17,"row_count":1,"visible":true},{"chunk_id":"cbj5wpnx1sk5p","chunk_label":"unnamed-chunk-1","document_id":"B10F6C8B","expansion_state":0,"options":{"engine":"r","label":"unnamed-chunk-1"},"row":103,"row_count":1,"visible":true},{"chunk_id":"cy4g9uvgqsbr9","chunk_label":"unnamed-chunk-2","document_id":"B10F6C8B","expansion_state":0,"options":{"engine":"r","label":"unnamed-chunk-2"},"row":111,"row_count":1,"visible":true},{"chunk_id":"cg8n2erzb8yiy","chunk_label":"unnamed-chunk-3","document_id":"AE24269","expansion_state":0,"options":{"engine":"r","label":"unnamed-chunk-9"},"row":114,"row_count":1,"visible":true},{"chunk_id":"c10v9pqzlmlw0","chunk_label":"unnamed-chunk-4","document_id":"AE24269","expansion_state":0,"options":{"engine":"python","label":"unnamed-chunk-11"},"row":119,"row_count":1,"visible":true},{"chunk_id":"c93q9bx4627vu","chunk_label":"unnamed-chunk-5","document_id":"AE24269","expansion_state":0,"options":{"engine":"r","label":"unnamed-chunk-4"},"row":133,"row_count":1,"visible":true},{"chunk_id":"c9ghxd7mhg7i0","chunk_label":"unnamed-chunk-6","document_id":"AE24269","expansion_state":0,"options":{"engine":"r","label":"unnamed-chunk-5"},"row":149,"row_count":1,"visible":true},{"chunk_id":"c40nblcfg6pjt","chunk_label":"unnamed-chunk-7","document_id":"AE24269","expansion_state":0,"options":{"engine":"r","label":"unnamed-chunk-12"},"row":158,"row_count":1,"visible":true},{"chunk_id":"ca2yhf71rbqi5","chunk_label":"unnamed-chunk-8","document_id":"AE24269","expansion_state":0,"options":{"engine":"r","label":"unnamed-chunk-16"},"row":172,"row_count":1,"visible":true}],"chunk_rendered_width":673,"default_chunk_options":{"error":false},"doc_write_time":1551249701,"working_dir":null}