{"chunk_definitions":[{"chunk_id":"ckky9ioapsjp0","expansion_state":0,"options":[],"row":129,"row_count":1,"visible":true},{"chunk_id":"c01llim6x207i","expansion_state":0,"options":[],"row":136,"row_count":1,"visible":true},{"chunk_id":"cincvo2u7mqr8","expansion_state":0,"options":[],"row":153,"row_count":1,"visible":true},{"chunk_id":"cgovnvqon9i14","expansion_state":0,"options":[],"row":181,"row_count":1,"visible":true},{"chunk_id":"c7ynt9qpi8qbx","expansion_state":0,"options":[],"row":184,"row_count":1,"visible":true},{"chunk_id":"cvrr1t8rpf7eh","expansion_state":0,"options":[],"row":229,"row_count":1,"visible":true},{"chunk_id":"cjmvmi3acud01","expansion_state":0,"options":[],"row":233,"row_count":1,"visible":true},{"chunk_id":"cm7jp1f4rskxg","expansion_state":0,"options":[],"row":253,"row_count":1,"visible":true},{"chunk_id":"cow1xnlcriiw0","expansion_state":0,"options":[],"row":262,"row_count":1,"visible":true},{"chunk_id":"cmd5vneg59lip","expansion_state":0,"options":[],"row":279,"row_count":1,"visible":true},{"chunk_id":"cpjq1e8mtcvgy","expansion_state":0,"options":[],"row":283,"row_count":1,"visible":true},{"chunk_id":"c4fjk1efe176v","expansion_state":0,"options":[],"row":288,"row_count":1,"visible":true},{"chunk_id":"cpf1v43q1ajlr","expansion_state":0,"options":[],"row":292,"row_count":1,"visible":true},{"chunk_id":"cedl79flqiimh","expansion_state":0,"options":[],"row":296,"row_count":1,"visible":true},{"chunk_id":"cqzwaf2bxkcef","expansion_state":0,"options":[],"row":304,"row_count":1,"visible":true},{"chunk_id":"ckktf95lvq4tf","expansion_state":0,"options":[],"row":307,"row_count":1,"visible":true},{"chunk_id":"c6arybxnbbbm8","expansion_state":0,"options":[],"row":311,"row_count":1,"visible":true},{"chunk_id":"cq6ipxblr3e42","expansion_state":0,"options":[],"row":317,"row_count":1,"visible":true},{"chunk_id":"cmueea4u1m68g","expansion_state":0,"options":[],"row":329,"row_count":1,"visible":true},{"chunk_id":"c67kz4622pbq4","expansion_state":0,"options":[],"row":344,"row_count":1,"visible":true},{"chunk_id":"crm6wlluhp1sp","expansion_state":0,"options":[],"row":347,"row_count":1,"visible":true},{"chunk_id":"crovspg9t4km5","expansion_state":0,"options":[],"row":376,"row_count":1,"visible":true},{"chunk_id":"c45yhmmxlh4e2","expansion_state":0,"options":[],"row":389,"row_count":1,"visible":true},{"chunk_id":"cy56xrmder4ml","expansion_state":0,"options":[],"row":395,"row_count":1,"visible":true},{"chunk_id":"c11txgvtu10ug","expansion_state":0,"options":[],"row":401,"row_count":1,"visible":true},{"chunk_id":"cxbb70t0uvne4","expansion_state":0,"options":[],"row":415,"row_count":1,"visible":true},{"chunk_id":"cwqmgprz0iz1h","expansion_state":0,"options":[],"row":422,"row_count":1,"visible":true},{"chunk_id":"chm2djmuvljx5","expansion_state":0,"options":[],"row":452,"row_count":1,"visible":true},{"chunk_id":"c432d33gs74ls","expansion_state":0,"options":[],"row":455,"row_count":1,"visible":true},{"chunk_id":"cmpnrgnwk2z5b","expansion_state":0,"options":[],"row":461,"row_count":1,"visible":true},{"chunk_id":"ckyofb15njqq5","expansion_state":0,"options":[],"row":468,"row_count":1,"visible":true},{"chunk_id":"cytl0zj3eqr9l","expansion_state":0,"options":[],"row":472,"row_count":1,"visible":true},{"chunk_id":"cve3sniw3hod4","expansion_state":0,"options":[],"row":478,"row_count":1,"visible":true},{"chunk_id":"cqryffcbvll52","expansion_state":0,"options":[],"row":485,"row_count":1,"visible":true},{"chunk_id":"cmc6ygiyp5kvo","expansion_state":0,"options":[],"row":489,"row_count":1,"visible":true},{"chunk_id":"cnvzok10w2ahz","expansion_state":0,"options":[],"row":495,"row_count":1,"visible":true},{"chunk_id":"cn07weaj74hmw","expansion_state":0,"options":[],"row":502,"row_count":1,"visible":true},{"chunk_id":"chwm1fz8hzwpj","expansion_state":0,"options":[],"row":509,"row_count":1,"visible":true},{"chunk_id":"cz3d81rlea9l7","expansion_state":0,"options":[],"row":513,"row_count":1,"visible":true},{"chunk_id":"cxpob7fzm6dj6","expansion_state":0,"options":[],"row":517,"row_count":1,"visible":true},{"chunk_id":"cv9cq60q9k1xz","expansion_state":0,"options":[],"row":522,"row_count":1,"visible":true},{"chunk_id":"c5h3zdsy4bphv","expansion_state":0,"options":[],"row":527,"row_count":1,"visible":true},{"chunk_id":"cf0wlfiqhza5g","expansion_state":0,"options":[],"row":531,"row_count":1,"visible":true},{"chunk_id":"czszmcamfqi42","expansion_state":0,"options":[],"row":537,"row_count":1,"visible":true},{"chunk_id":"ce8u3kzvcfupu","expansion_state":0,"options":[],"row":541,"row_count":1,"visible":true},{"chunk_id":"ccl86s7m9az5x","expansion_state":0,"options":[],"row":544,"row_count":1,"visible":true},{"chunk_id":"cezuhpbxygtlg","expansion_state":0,"options":[],"row":552,"row_count":1,"visible":true},{"chunk_id":"c1mo3axjkqjfl","expansion_state":0,"options":[],"row":555,"row_count":1,"visible":true},{"chunk_id":"cg8crfjzgdyi8","expansion_state":0,"options":[],"row":559,"row_count":1,"visible":true},{"chunk_id":"c4j894ga2b3sm","expansion_state":0,"options":[],"row":564,"row_count":1,"visible":true},{"chunk_id":"cg5uuvvf65j4l","expansion_state":0,"options":[],"row":571,"row_count":1,"visible":true},{"chunk_id":"cf2zs315h5i2x","expansion_state":0,"options":[],"row":575,"row_count":1,"visible":true},{"chunk_id":"cnkia50y3wenp","expansion_state":0,"options":[],"row":582,"row_count":1,"visible":true},{"chunk_id":"cbxnutcu071e3","expansion_state":0,"options":[],"row":589,"row_count":1,"visible":true},{"chunk_id":"c7odf4vvyqm4e","expansion_state":0,"options":[],"row":597,"row_count":1,"visible":true}],"chunk_rendered_width":700,"doc_write_time":1548088280.416110}