{"chunk_definitions":[{"chunk_id":"c506fr17e24qp","expansion_state":0,"options":[],"row":129,"row_count":1,"visible":true},{"chunk_id":"cl8126bltsrx7","expansion_state":0,"options":[],"row":136,"row_count":1,"visible":true},{"chunk_id":"c8ur1hz5lhzqz","expansion_state":0,"options":[],"row":153,"row_count":1,"visible":true},{"chunk_id":"cbjbw3jucgubi","expansion_state":0,"options":[],"row":181,"row_count":1,"visible":true},{"chunk_id":"cbhagu2i9bqsg","expansion_state":0,"options":[],"row":184,"row_count":1,"visible":true},{"chunk_id":"c9l9x577gmizu","expansion_state":0,"options":[],"row":229,"row_count":1,"visible":true},{"chunk_id":"craxv8vsjv1n6","expansion_state":0,"options":[],"row":233,"row_count":1,"visible":true},{"chunk_id":"cy9ytiycchbeh","expansion_state":0,"options":[],"row":253,"row_count":1,"visible":true},{"chunk_id":"cnxswu9xg06gq","expansion_state":0,"options":[],"row":262,"row_count":1,"visible":true},{"chunk_id":"c3z8gtt7vkuj1","expansion_state":0,"options":[],"row":279,"row_count":1,"visible":true},{"chunk_id":"c2m89nkt5jyo3","expansion_state":0,"options":[],"row":283,"row_count":1,"visible":true},{"chunk_id":"c0hou25ghwnag","expansion_state":0,"options":[],"row":288,"row_count":1,"visible":true},{"chunk_id":"c5vreggfid56i","expansion_state":0,"options":[],"row":292,"row_count":1,"visible":true},{"chunk_id":"c6n05eurx9w7j","expansion_state":0,"options":[],"row":296,"row_count":1,"visible":true},{"chunk_id":"clm1olt46cnd6","expansion_state":0,"options":[],"row":304,"row_count":1,"visible":true},{"chunk_id":"cyyxugtk0friy","expansion_state":0,"options":[],"row":307,"row_count":1,"visible":true},{"chunk_id":"cjxgtuqbc12dg","expansion_state":0,"options":[],"row":311,"row_count":1,"visible":true},{"chunk_id":"crjc7siug3586","expansion_state":0,"options":[],"row":317,"row_count":1,"visible":true},{"chunk_id":"cin9qbbk9csst","expansion_state":0,"options":[],"row":329,"row_count":1,"visible":true},{"chunk_id":"cag352b5acgnl","expansion_state":0,"options":[],"row":344,"row_count":1,"visible":true},{"chunk_id":"cu8veu3i9j16b","expansion_state":0,"options":[],"row":347,"row_count":1,"visible":true},{"chunk_id":"cv361dgt5kpnl","expansion_state":0,"options":[],"row":376,"row_count":1,"visible":true},{"chunk_id":"cqjsw2b3598up","expansion_state":0,"options":[],"row":389,"row_count":1,"visible":true},{"chunk_id":"cx5nvx7vtyt0x","expansion_state":0,"options":[],"row":395,"row_count":1,"visible":true},{"chunk_id":"c8ffwswm8sbs3","expansion_state":0,"options":[],"row":401,"row_count":1,"visible":true},{"chunk_id":"chmaqk8hjpeal","expansion_state":0,"options":[],"row":415,"row_count":1,"visible":true},{"chunk_id":"c7kht35n4krm8","expansion_state":0,"options":[],"row":422,"row_count":1,"visible":true},{"chunk_id":"cb9rmijn87ke0","expansion_state":0,"options":[],"row":452,"row_count":1,"visible":true},{"chunk_id":"cgq1nl5cx158y","expansion_state":0,"options":[],"row":455,"row_count":1,"visible":true},{"chunk_id":"ck5u99t7t988j","expansion_state":0,"options":[],"row":461,"row_count":1,"visible":true},{"chunk_id":"cnf7hq3l2rm7r","expansion_state":0,"options":[],"row":468,"row_count":1,"visible":true},{"chunk_id":"c3qztobehbq6f","expansion_state":0,"options":[],"row":472,"row_count":1,"visible":true},{"chunk_id":"cuk6ph55mkkgz","expansion_state":0,"options":[],"row":478,"row_count":1,"visible":true},{"chunk_id":"ct0mme82jkhbz","expansion_state":0,"options":[],"row":485,"row_count":1,"visible":true},{"chunk_id":"co4z1h94rjrw1","expansion_state":0,"options":[],"row":489,"row_count":1,"visible":true},{"chunk_id":"ceul2verhma54","expansion_state":0,"options":[],"row":495,"row_count":1,"visible":true},{"chunk_id":"c4nki69l4wz6i","expansion_state":0,"options":[],"row":502,"row_count":1,"visible":true},{"chunk_id":"c2qn44wdd6rqv","expansion_state":0,"options":[],"row":509,"row_count":1,"visible":true},{"chunk_id":"cg1thff94dhh7","expansion_state":0,"options":[],"row":513,"row_count":1,"visible":true},{"chunk_id":"cegtf0ob8q7ue","expansion_state":0,"options":[],"row":517,"row_count":1,"visible":true},{"chunk_id":"cxuhz8t0vfqu7","expansion_state":0,"options":[],"row":522,"row_count":1,"visible":true},{"chunk_id":"ci8ammqr2fayh","expansion_state":0,"options":[],"row":527,"row_count":1,"visible":true},{"chunk_id":"cg0zecdp96lnz","expansion_state":0,"options":[],"row":531,"row_count":1,"visible":true},{"chunk_id":"cpv6c7rkv8v4d","expansion_state":0,"options":[],"row":537,"row_count":1,"visible":true},{"chunk_id":"cxsucw6tp6sm2","expansion_state":0,"options":[],"row":541,"row_count":1,"visible":true},{"chunk_id":"c85022p72tcee","expansion_state":0,"options":[],"row":544,"row_count":1,"visible":true},{"chunk_id":"cmeklh67dggd8","expansion_state":0,"options":[],"row":552,"row_count":1,"visible":true},{"chunk_id":"cl0l6n35ufh6k","expansion_state":0,"options":[],"row":555,"row_count":1,"visible":true},{"chunk_id":"ce6axg1s9p2k8","expansion_state":0,"options":[],"row":559,"row_count":1,"visible":true},{"chunk_id":"chx7m3qofvc43","expansion_state":0,"options":[],"row":564,"row_count":1,"visible":true},{"chunk_id":"czjysrhrlnilu","expansion_state":0,"options":[],"row":571,"row_count":1,"visible":true},{"chunk_id":"cx914k6xbry20","expansion_state":0,"options":[],"row":575,"row_count":1,"visible":true},{"chunk_id":"czmfxdofdcyzu","expansion_state":0,"options":[],"row":582,"row_count":1,"visible":true},{"chunk_id":"cbx5104j2majj","expansion_state":0,"options":[],"row":589,"row_count":1,"visible":true},{"chunk_id":"cd03on8bhqrn7","expansion_state":0,"options":[],"row":597,"row_count":1,"visible":true}],"chunk_rendered_width":623,"doc_write_time":1548088280.416110}