{"chunk_definitions":[{"chunk_id":"cfxcdycp04xpe","chunk_label":"unnamed-chunk-1","document_id":"8926394F","expansion_state":0,"options":{"engine":"r","label":"unnamed-chunk-9"},"row":102,"row_count":1,"visible":true},{"chunk_id":"c8xq8dn0s97yo","chunk_label":"unnamed-chunk-2","document_id":"8926394F","expansion_state":0,"options":{"engine":"r","label":"unnamed-chunk-10"},"row":129,"row_count":1,"visible":true},{"chunk_id":"cv7w9zo9b9bxg","chunk_label":"unnamed-chunk-3","document_id":"8926394F","expansion_state":0,"options":{"engine":"r","label":"unnamed-chunk-11"},"row":141,"row_count":1,"visible":true},{"chunk_id":"cwlcvkw1topas","chunk_label":"unnamed-chunk-4","document_id":"8926394F","expansion_state":0,"options":{"engine":"r","label":"unnamed-chunk-12"},"row":153,"row_count":1,"visible":true},{"chunk_id":"c87fbr1cu2l5k","chunk_label":"unnamed-chunk-5","document_id":"8926394F","expansion_state":0,"options":{"engine":"r","label":"unnamed-chunk-13"},"row":212,"row_count":1,"visible":true},{"chunk_id":"crq67pk2nwo0m","chunk_label":"unnamed-chunk-6","document_id":"8926394F","expansion_state":0,"options":{"engine":"r","label":"unnamed-chunk-42"},"row":225,"row_count":1,"visible":true},{"chunk_id":"cadx1dimvmbdk","chunk_label":"unnamed-chunk-7","document_id":"8926394F","expansion_state":0,"options":{"engine":"r","label":"unnamed-chunk-43"},"row":239,"row_count":1,"visible":true},{"chunk_id":"csofbljpj7uoc","chunk_label":"unnamed-chunk-8","document_id":"8926394F","expansion_state":0,"options":{"engine":"r","label":"unnamed-chunk-44"},"row":251,"row_count":1,"visible":true},{"chunk_id":"cll5q7r4mywdx","chunk_label":"unnamed-chunk-9","document_id":"8926394F","expansion_state":0,"options":{"engine":"r","label":"unnamed-chunk-45"},"row":264,"row_count":1,"visible":true},{"chunk_id":"cbxqhnpc7b0uh","chunk_label":"unnamed-chunk-10","document_id":"8926394F","expansion_state":0,"options":{"engine":"r","label":"unnamed-chunk-104"},"row":305,"row_count":1,"visible":true},{"chunk_id":"cxhotn2mdwfbn","chunk_label":"unnamed-chunk-11","document_id":"8926394F","expansion_state":0,"options":{"engine":"r","label":"unnamed-chunk-19"},"row":344,"row_count":1,"visible":true},{"chunk_id":"crbn8n4uave2w","chunk_label":"unnamed-chunk-12","document_id":"8926394F","expansion_state":0,"options":{"engine":"r","label":"unnamed-chunk-11"},"row":386,"row_count":1,"visible":true},{"chunk_id":"clbg76vkfekw3","chunk_label":"unnamed-chunk-13","document_id":"8926394F","expansion_state":0,"options":{"engine":"r","label":"unnamed-chunk-38"},"row":399,"row_count":1,"visible":true},{"chunk_id":"cimdhiu6yp887","chunk_label":"unnamed-chunk-14","document_id":"8926394F","expansion_state":0,"options":{"engine":"r","label":"unnamed-chunk-42"},"row":407,"row_count":1,"visible":true},{"chunk_id":"clbbzf64u41uj","chunk_label":"unnamed-chunk-15","document_id":"8926394F","expansion_state":0,"options":{"engine":"r","label":"unnamed-chunk-41"},"row":425,"row_count":1,"visible":true},{"chunk_id":"c5etqn14jpiil","chunk_label":"unnamed-chunk-16","document_id":"8926394F","expansion_state":0,"options":{"engine":"r","label":"unnamed-chunk-46"},"row":434,"row_count":1,"visible":true},{"chunk_id":"c68nkv3virma6","chunk_label":"unnamed-chunk-17","document_id":"8926394F","expansion_state":0,"options":{"engine":"r","label":"unnamed-chunk-50"},"row":443,"row_count":1,"visible":true},{"chunk_id":"ci6weugpsslez","chunk_label":"unnamed-chunk-18","document_id":"8926394F","expansion_state":0,"options":{"engine":"r","label":"unnamed-chunk-49"},"row":450,"row_count":1,"visible":true},{"chunk_id":"cgbsmlvver8ld","chunk_label":"unnamed-chunk-19","document_id":"8926394F","expansion_state":0,"options":{"engine":"r","label":"unnamed-chunk-2"},"row":466,"row_count":1,"visible":true},{"chunk_id":"ccj0os4eleiwr","chunk_label":"unnamed-chunk-20","document_id":"8926394F","expansion_state":0,"options":{"engine":"r","label":"unnamed-chunk-4"},"row":474,"row_count":1,"visible":true},{"chunk_id":"cs2h5pc0bvgvq","chunk_label":"unnamed-chunk-21","document_id":"8926394F","expansion_state":0,"options":{"engine":"r","label":"unnamed-chunk-5"},"row":481,"row_count":1,"visible":true},{"chunk_id":"ca6mjq05s8u4t","chunk_label":"unnamed-chunk-22","document_id":"8926394F","expansion_state":0,"options":{"engine":"r","label":"unnamed-chunk-27"},"row":521,"row_count":1,"visible":true},{"chunk_id":"cpbvmp6lxhyt8","chunk_label":"unnamed-chunk-24","document_id":"8926394F","expansion_state":0,"options":{"engine":"r","label":"unnamed-chunk-37"},"row":556,"row_count":1,"visible":true},{"chunk_id":"cowezg9efoalx","chunk_label":"unnamed-chunk-25","document_id":"8926394F","expansion_state":0,"options":{"engine":"r","label":"unnamed-chunk-39"},"row":562,"row_count":1,"visible":true},{"chunk_id":"cxb2sfjz5bs5f","chunk_label":"unnamed-chunk-26","document_id":"8926394F","expansion_state":0,"options":{"engine":"r","label":"unnamed-chunk-45"},"row":574,"row_count":1,"visible":true},{"chunk_id":"cak0zi0o11eyv","chunk_label":"unnamed-chunk-27","document_id":"8926394F","expansion_state":0,"options":{"engine":"r","label":"unnamed-chunk-41"},"row":579,"row_count":1,"visible":true},{"chunk_id":"c974116vf999h","chunk_label":"unnamed-chunk-28","document_id":"8926394F","expansion_state":0,"options":{"engine":"r","label":"unnamed-chunk-1"},"row":599,"row_count":1,"visible":true}],"chunk_rendered_width":400,"doc_write_time":1549348209}