"0","#Add predictions to df"
"0","df_validation_w_predictions <- df_validation"
"0","df_validation_w_predictions['Predicted_Volume'] <- prediction_validation_Volume"
"0","#sort the df"
"0","df_validation_w_predictions <- df_validation_w_predictions[order(df_validation_w_predictions$Predicted_Volume),]"
"0","#Add unique ID column"
"0","df_validation_w_predictions['ProductType_ProductNumber_Price']<- with(df_validation_w_predictions, paste0(ProductType,'_#', ProductNum,'_$', Price))"
"0","par(mar=c(11,4,1,1))"
"0","barplot(height = df_validation_w_predictions$Predicted_Volume, names.arg = df_validation_w_predictions$ProductType_ProductNumber_Price, las=2, cex.axis = .8 , cex.names = 0.8, ylab = 'Volume')"
